B01,400G_3
B02,blank
B03,400G_4
B04,blank
B05,570_1
B06,blank
B07,570_2
B08,blank
B09,570_3
B10,blank
B11,570_4
B12,blank
C01,572_3
C02,blank
C03,572_4
C04,blank
C05,573_1
C06,blank
C07,573_2
C08,blank
C09,573_3
C10,blank
C11,573_4
C12,blank
D01,402C_3
D02,blank
D03,402C_4
D04,blank
D05,574_1
D06,blank
D07,574_2
D08,blank
D09,574_3
D10,blank
D11,574_4
D12,blank
E01,403G_3
E02,blank
E03,403G_4
E04,blank
E05,575_1
E06,blank
E07,575_2
E08,blank
E09,575_3
E10,blank
E11,575_4
E12,blank
F01,404_3
F02,blank
F03,404_4
F04,blank
F05,404G_1
F06,blank
F07,404G_2
F08,blank
F09,404G_3
F10,blank
F11,404G_4
F12,blank
G01,577_3
G02,blank
G03,577_4
G04,blank
G05,578_1
G06,blank
G07,578_2
G08,blank
G09,578_3
G10,blank
G11,578_4
G12,blank
H01,405A_3
H02,blank
H03,405A_4
H04,blank
